We Own It (Fast & Furious),2 Chainz,Fast & Furious 6,Success,True
destroyer of worlds,Aaron Hibell,destroyer of worlds,Success,True
Dancin (feat. Luvli) (Krono Remix),Aaron Smith,Dancin (feat. Luvli) (Krono Remix),Success,True
Angeleyes,ABBA,Abba Gold Anniversary Edition,Success,True
Hello,Adele,25,Success,True
Rolling in the Deep,Adele,21,Success,True
Set Fire to the Rain,Adele,21,Success,True
Skyfall,Adele,Skyfall,Success,True
Dream On,Aerosmith,Aerosmith,Success,True
Darkside,Alan Walker,Darkside,Success,True
Faded (Restrung),Alan Walker,Different World,Success,True
Faded,Alan Walker,Faded,Success,True
Ignite,Alan Walker,Ignite,Success,True
The Spectre,Alan Walker,The Spectre,Success,True
If We Have Each Other,Alec Benjamin,Narrated For You,Success,True
Let Me Down Slowly,Alec Benjamin,Narrated For You,Success,True
Here,Alessia Cara,Know-It-All (Deluxe),Success,True
How Far I'll Go,Alessia Cara,Vaiana (English Version/Original Motion Picture Soundtrack/Deluxe Edition),Success,True
October,Alessia Cara,This Summer,Success,True
Scars To Your Beautiful,Alessia Cara,Know-It-All (Deluxe),Success,True
Seventeen,Alessia Cara,Know-It-All (Deluxe),Success,True
Wild Things,Alessia Cara,Know-It-All (Deluxe),Success,True
Little Do You Know,Alex & Sierra,It's About Us,Success,True
Fairytale,Alexander Rybak,Fairytale,Success,True
SAD GIRLZ LUV MONEY (Remix),amaarae,SAD GIRLZ LUV MONEY (Remix),Success,True
Kids In The Corner,Amber Van Day,Kids In The Corner,Success,True
Hold On,Ananya Birla,Hold On,Success,True
Livin' the Life,Ananya Birla,Livin' the Life,Success,True
Meant to Be,Ananya Birla,Meant to Be,Success,True
Alarm,Anne-Marie,Alarm,Success,True
Do I Wanna Know?,Arctic Monkeys,AM,Success,True
I Wanna Be Yours,Arctic Monkeys,AM,Success,True
BABYDOLL,Ari Abdul,BABYDOLL,Success,True
7 rings,Ariana Grande,"thank u, next",Success,True
Break Free,Ariana Grande,My Everything,Success,True
Dangerous Woman,Ariana Grande,Dangerous Woman,Success,True
Don’t Call Me Angel (Charlie’s Angels),Ariana Grande,Charlie's Angels (Original Motion Picture Soundtrack),Success,True
Everyday,Ariana Grande,Dangerous Woman,Success,True
God is a woman,Ariana Grande,Sweetener,Success,True
Into You,Ariana Grande,Dangerous Woman,Success,True
Let Me Love You,Ariana Grande,Dangerous Woman,Success,True
Love Me Harder,Ariana Grande,My Everything,Success,True
no tears left to cry,Ariana Grande,Sweetener,Success,True
One Last Time,Ariana Grande,My Everything,Success,True
Side To Side,Ariana Grande,Dangerous Woman,Success,True
Stuck with U,Ariana Grande,Stuck with U,Success,True
Thinking Bout You,Ariana Grande,Dangerous Woman,Success,True
Moral of the Story,Ashe,Moral of the Story,Success,True
Lonely Together,Avicii,AVĪCI (01),Success,True
The Nights,Avicii,The Days / Nights (EP),Success,True
Copines,Aya Nakamura,NAKAMURA,Success,True
Bruise,BANTA.,Bruise,Success,True
Pompeii,Bastille,Pompeii,Success,True
Fed Up,Bazanji,Mixed Feelings,Success,True
Take Care,Beach House,Teen Dream,Success,True
Go To Sleep (feat. Kailee Morgue),Bearson,Go To Sleep (feat. Kailee Morgue),Success,True
No Broken Hearts (feat. Nicki Minaj),Bebe Rexha,No Broken Hearts (feat. Nicki Minaj),Success,True
Sacrifice,Bebe Rexha,Sacrifice,Success,True
Shower,Becky G,Shower,Success,True
Eastside,Benny Blanco,Eastside,Success,True
I Can't Get Enough,benny blanco,I Can’t Get Enough,Success,True
I Love You Always Forever,Betty Who,The Valley,Success,True
bad guy,Billie Eilish,"WHEN WE ALL FALL ASLEEP, WHERE DO WE GO?",Success,True
everything i wanted,Billie Eilish,everything i wanted,Success,True
lovely,Billie Eilish,lovely,Success,True
NDA,Billie Eilish,Happier Than Ever,Success,True
Therefore I Am,Billie Eilish,Happier Than Ever,Success,True
We Didn't Start the Fire,Billy Joel,Storm Front,Success,True
#WHERESTHELOVE,Black Eyed Peas,#WHERESTHELOVE,Success,True
GIRL LIKE ME,Black Eyed Peas,TRANSLATION,Success,False
Where Is The Love?,Black Eyed Peas,Elephunk,Success,True
Hot Girl Bummer,blackbear,everything means nothing,Success,True
sobbing in cabo,blackbear,everything means nothing,Success,True
Kill This Love,BLACKPINK,KILL THIS LOVE,Success,True
What's Up Danger,Blackway,Spider-Man: Into the Spider-Verse (Soundtrack From & Inspired by the Motion Picture),Success,True
Desire,Blooom,Desire,Success,True
One Love,Blue,Best Of Blue,Success,True
The Only Thing We Know,Bob Moses,Battle Lines,Success,True
Circus,Britney Spears,Circus (Deluxe Version),Success,True
Criminal,Britney Spears,Femme Fatale (Deluxe Version),Success,True
Make Me... (feat. G-Eazy),Britney Spears,Glory (Deluxe),Success,True
Grenade,Bruno Mars,The Grenade Sessions,Success,True
TRIPPIN,BUNT.,TRIPPIN,Success,True
"Feels (feat. Pharrell Williams, Katy Perry & Big Sean)",Calvin Harris,"Feels (feat. Pharrell Williams, Katy Perry & Big Sean)",Success,True
I Need Your Love (feat. Ellie Goulding),Calvin Harris,18 Months,Success,True
Outside (feat. Ellie Goulding),Calvin Harris,Motion,Success,True
This Is What You Came For,Calvin Harris,This Is What You Came For,Success,True
Bam Bam (feat. Ed Sheeran),Camila Cabello,Bam Bam (feat. Ed Sheeran),Success,True
Crying in the Club,Camila Cabello,Crying in the Club,Success,True
Don't Go Yet,Camila Cabello,Don't Go Yet,Success,True
Havana (feat. Young Thug),Camila Cabello,Camila,Success,True
Shameless,Camila Cabello,Shameless,Success,True
Beautiful Feeling,Candy Says,Beautiful Feeling,Success,False
Miss You,Cashmere Cat,Miss You,Success,True
Quit,Cashmere Cat,9,Success,True
You Belong to Me,Cat Pierce,You Belong to Me,Success,True
Do You Feel It?,Chaos Chaos,Committed to the Crime,Success,True
Good Ones,Charli XCX,CRASH,Success,True
We Don't Talk Anymore (feat. Selena Gomez),Charlie Puth,Nine Track Mind,Success,True
Wonderfull Days (Radio Edit),Charly Lownoise & Mental Theo,Wonderful Days,Success,True
No Promises (feat. Demi Lovato),Cheat Codes,No Promises (feat. Demi Lovato),Success,True
Only You,Cheat Codes,Only You,Success,True
human,Christina Perri,head or heart,Success,True
Shadow,Chromatics,Shadow,Success,True
Leave A Trace,CHVRCHES,Every Open Eye,Success,True
Apocalypse,Cigarettes After Sex,Cigarettes After Sex,Success,True
Cry Baby (Extended),Clean Bandit,Cry Baby (Extended),Success,True
Rockabye (feat. Sean Paul & Anne-Marie),Clean Bandit,Speak Your Mind,Success,True
Solo (feat. Demi Lovato),Clean Bandit,Solo (feat. Demi Lovato),Success,True
Symphony (feat. Zara Larsson),Clean Bandit,Symphony (feat. Zara Larsson),Success,True
Worth Your While,CLNGR/Greylyn,Find Myself,Success,False
A Head Full of Dreams,Coldplay,A Head Full of Dreams,Success,True
Adventure of a Lifetime,Coldplay,Adventure of a Lifetime,Success,True
Fun (feat. Tove Lo),Coldplay,A Head Full of Dreams,Success,True
Hymn for the Weekend,Coldplay,A Head Full of Dreams,Success,True
My Universe,Coldplay,My Universe,Success,True
Paradise,Coldplay,Mylo Xyloto,Success,True
Something Just Like This,Coldplay,Something Just Like This,Success,True
Up&Up,Coldplay,A Head Full of Dreams,Success,True
Viva La Vida,Coldplay,Viva La Vida (Prospekt's March Edition),Success,True
WE PRAY,Coldplay,WE PRAY,Success,True
On My Own,Darci,On My Own,Success,True
Holding On,Dasu,Holding On,Success,True
Turn Back Time,Dasu,Turn Back Time,Success,True
Youth,DAUGHTER,If You Leave,Success,True
2U (feat. Justin Bieber),David Guetta,2U (feat. Justin Bieber),Success,True
Baby Don't Hurt Me,David Guetta,Baby Don't Hurt Me,Success,True
Complicated (feat. Kiiara),David Guetta,Complicated (feat. Kiiara),Success,True
I'm Good (Blue),David Guetta,I'm Good (Blue),Success,True
Light My Body Up (feat. Nicki Minaj & Lil Wayne),David Guetta,Light My Body Up (feat. Nicki Minaj & Lil Wayne),Success,True
This One's for You (feat. Zara Larsson) (Official Song UEFA EURO 2016),David Guetta,This One's for You (feat. Zara Larsson) (Official Song UEFA EURO 2016),Success,True
Titanium (feat. Sia),David Guetta,Nothing but the Beat (Ultimate Edition),Success,True
Hide Away,Daya,"Sit Still, Look Pretty",Success,True
New,Daya,New,Success,True
"Sit Still, Look Pretty",Daya,"Sit Still, Look Pretty",Success,True
Confident,Demi Lovato,Confident (Deluxe Edition),Success,True
Heart Attack,Demi Lovato,Heart Attack,Success,True
Met Him Last Night,Demi Lovato,Dancing With The Devil…The Art of Starting Over,Success,True
Sugar & Brownies,DHARIA,Sugar & Brownies,Success,True
Coming Home,Diddy - Dirty Money,Last Train To Paris (Deluxe),Success,True
Color Blind,Diplo,Color Blind,Success,True
Revolution (feat. Imanos & Faustix & Kai),Diplo,Revolution,Success,True
Let Me Love You,DJ Snake,Encore,Success,True
Selfish Love (Tiësto Remix),DJ Snake,Selfish Love (Tiësto Remix),Success,True
Selfish Love,DJ Snake,Selfish Love,Success,True
Taki Taki,DJ Snake,Carte Blanche,Success,True
End of Beginning,Djo,DECIDE,Success,True
Cake By The Ocean,DNCE,DNCE,Success,True
What It Is (Block Boy),Doechii,What It Is (Versions),Success,True
Need to Know,Doja Cat,Planet Her,Success,True
Paint The Town Red,Doja Cat,Paint The Town Red,Success,True
Boyfriend,Dove Cameron,Boyfriend,Success,True
Circadian Rhythm,Drake,100 GIGS,Success,False
God's Plan,Drake,Scorpion,Success,True
One Dance,Drake,Views,Success,True
Be the One,Dua Lipa,Dua Lipa (Deluxe),Success,True
Don't Start Now,Dua Lipa,Don't Start Now,Success,True
Hotter Than Hell,Dua Lipa,Dua Lipa (Complete Edition),Success,True
Levitating,Dua Lipa,Future Nostalgia,Success,True
Physical,Dua Lipa,Physical,Success,True
i miss you (skin to skin),Dylan Conrique,i miss you (skin to skin),Success,True
All of the Stars,Ed Sheeran,Nos étoiles contraires: Music From The Motion Picture,Success,True
Bad Habits,Ed Sheeran,Bad Habits,Success,True
Barcelona,Ed Sheeran,÷ (Deluxe),Success,True
Beautiful People (feat. Khalid),Ed Sheeran,Beautiful People (feat. Khalid),Success,True
Castle on the Hill,Ed Sheeran,÷ (Deluxe),Success,True
Cross Me (feat. Chance the Rapper & PnB Rock),Ed Sheeran,Cross Me (feat. Chance the Rapper & PnB Rock),Success,True
Happier,Ed Sheeran,÷ (Deluxe),Success,True
Perfect,Ed Sheeran,÷ (Deluxe),Success,True
Photograph,Ed Sheeran,x (Deluxe Edition),Success,True
Shape of You,Ed Sheeran,Shape of You,Success,True
Shivers (Acoustic Version),Ed Sheeran,Shivers (Acoustic Version),Success,True
Shivers,Ed Sheeran,Shivers,Success,True
South of the Border (feat. Camila Cabello & Cardi B),Ed Sheeran,No.6 Collaborations Project,Success,True
Stereo Love,Edward Maya,Stereo Love,Success,True
domino szn,Ella Eyre,domino szn,Success,True
Burn,Ellie Goulding,Halcyon Days,Success,True
Lights,Ellie Goulding,Bright Lights (Lights Re-pack / Bonus Version),Success,True
Lights,Ellie Goulding,Bright Lights (Lights Re-pack / Bonus Version),Success,True
"Love Me Like You Do (From ""Fifty Shades Of Grey"")",Ellie Goulding,Delirium (Deluxe),Success,True
Something In The Way You Move,Ellie Goulding,Delirium (Deluxe),Success,True
Numb Little Bug,Em Beihold,Numb Little Bug,Success,True
Umbrella,Ember Island,Umbrella,Success,True
Good Guy,Eminem,Kamikaze,Success,True
Love The Way You Lie,Eminem,Recovery,Success,True
Mockingbird,Eminem,Encore (Deluxe Version),Success,True
Rap God,Eminem,The Marshall Mathers LP2 (Deluxe),Success,True
River,Eminem,Revival,Success,True
Sing For The Moment,Eminem,The Eminem Show,Success,True
Stan,Eminem,Curtain Call: The Hits,Success,True
The Monster,Eminem,The Marshall Mathers LP2 (Deluxe),Success,True
Venom (Music From The Motion Picture),Eminem,Kamikaze,Success,True
Origami (feat. DJ Maphorisa),Era Istrefi,Origami (feat. DJ Maphorisa),Success,True
Centuries,Fall Out Boy,American Beauty/American Psycho,Success,True
On My Way,Farruko,On My Way,Success,True
Cry For You,Faul & Wad,Cry For You,Success,True
Fading Wind,Feint,Fading Wind,Success,True
That's My Girl,Fifth Harmony,7/27 (Deluxe),Success,True
Work from Home (feat. Ty Dolla $ign),Fifth Harmony,7/27 (Deluxe),Success,True
Wild Ones (feat. Sia),Flo Rida,Wild Ones (feat. Sia),Success,True
Say It,Flume,Skin,Success,True
Unforgettable (feat. Swae Lee),French Montana,Jungle Rules,Success,True
Capsize,FRENSHIP,Capsize,Success,True
Ava,Fámy,Ava,Success,True
Him & I,G-Eazy,The Beautiful & Damned,Success,True
"Me, Myself & I",G-Eazy,When It's Dark Out,Success,True
Sober (feat. Charlie Puth),G-Eazy,The Beautiful & Damned,Success,True
Careless Whisper,George Michael,The Final,Success,True
Mary On A Cross,Ghost,Seven Inches Of Satanic Panic,Success,True
I Don’t Like Myself,Girli,Damsel in Distress,Success,True
Cane Shuga,Glass Animals,How To Be A Human Being,Success,True
Dreamland,Glass Animals,Dreamland,Success,True
Heat Waves,Glass Animals,Dreamland,Success,True
"Boulevard of Broken Dreams (feat. John Gallagher Jr., Rebecca Naomi Jones, Stark Sands, The American Idiot Broadway Company) (Album Version)",Green Day,American Idiot - The Original Broadway Cast Recording,Success,True
Just For A Moment,Gryffin,Gravity Pt. 1,Success,True
Red Lips (feat. Sam Bruno),GTA,DTG VOL. 1,Success,True
Stereo Hearts (feat. Adam Levine),Gym Class Heroes,The Papercut Chronicles II (Deluxe Edition),Success,True
Capital Letters,Hailee Steinfeld,Fifty Shades Freed (Original Motion Picture Soundtrack),Success,True
Rock Bottom,Hailee Steinfeld,HAIZ,Success,True
Bad At Love,Halsey,hopeless fountain kingdom (Deluxe),Success,True
Colors pt. II,Halsey,BADLANDS (Deluxe),Success,True
Colors,Halsey,BADLANDS (Deluxe),Success,True
Control,Halsey,BADLANDS,Success,True
Ghost,Halsey,BADLANDS (Deluxe),Success,True
Graveyard,Halsey,Graveyard,Success,True
Nightmare,Halsey,Nightmare,Success,True
So Good,Halsey,So Good (Stripped),Success,True
Apollo,Hardwell,Apollo,Success,True
Arcadia,Hardwell,United We Are (Extended Deluxe Edition),Success,True
Area51,Hardwell,United We Are (Extended Deluxe Edition),Success,True
Call Me A Spaceman,Hardwell,Spaceman,Success,True
Don't Stop The Madness,Hardwell,United We Are (Extended Deluxe Edition),Success,True
Follow Me,Hardwell,United We Are (Extended Deluxe Edition),Success,True
Nothing Can Hold Us Down,Hardwell,United We Are (Extended Deluxe Edition),Success,True
United We Are,Hardwell,United We Are (Extended Deluxe Edition),Success,True
As It Was,Harry Styles,As It Was,Success,True
All of the Stars,Hayd,All of the Stars,Success,True
you were there for me,Henry Moodie,you were there for me,Success,True
Backseat Driver,HONNE,OUCH,Success,True
The Greatest Show,Hugh Jackman,The Greatest Showman (Original Motion Picture Soundtrack),Success,True
Team,Iggy Azalea,Team,Success,True
Feel Good,Illenium,Awake,Success,True
Nightlight,Illenium,Fallen Embers,Success,True
Papercuts (feat. Vera Blue),Illy,Papercuts (feat. Vera Blue),Success,True
Bad Liar,Imagine Dragons,Origins (Deluxe),Success,True
Believer,Imagine Dragons,Evolve,Success,True
Birds,Imagine Dragons,Birds,Success,True
Bones,Imagine Dragons,Bones,Success,True
Demons,Imagine Dragons,Night Visions,Success,True
Enemy,Imagine Dragons,Enemy (from the series Arcane League of Legends),Success,True
Radioactive,Imagine Dragons,Night Visions,Success,True
Roots,Imagine Dragons,Roots,Success,True
Thunder,Imagine Dragons,Evolve,Success,True
Walking The Wire,Imagine Dragons,Evolve,Success,True
Whatever It Takes,Imagine Dragons,Evolve,Success,True
Replay,Iyaz,Replay,Success,True
Ginza,J Balvin,Energía,Success,True
Mi Gente,J Balvin,Mi Gente,Success,True
Mind (feat. Kai),Jack Ü,Skrillex and Diplo present Jack Ü,Success,True
Makeba,Jain,Zanaka,Success,True
Burn Slow,Jaira Burns,Burn Slow,Success,True
Ugly,Jaira Burns,Ugly,Success,True
Impossible,James Arthur,Impossible,Success,True
Say You Won't Let Go,James Arthur,Say You Won't Let Go,Success,True
Hard to Forget,Jane XØ,Hard to Forget (EP),Success,True
Whatcha Say,Jason Derulo,Jason Derulo (International),Success,True
Instruction,Jax Jones,Instruction,Success,True
Down,Jay Sean,All Or Nothing,Success,True
Make My Love Go (feat. Sean Paul),Jay Sean,Make My Love Go (feat. Sean Paul),Success,True
Ride It,Jay Sean,Ride It,Success,True
Empire State Of Mind,JAY Z,The Blueprint 3,Success,True
Infinity,Jaymes Young,Feel Something,Success,True
Ain't Your Mama,Jennifer Lopez,Ain't Your Mama,Success,True
First Love,Jennifer Lopez,A.K.A. (Deluxe),Success,True
On The Floor,Jennifer Lopez,LOVE?,Success,True
Don't Be so Hard on Yourself,Jess Glynne,Don't Be so Hard on Yourself,Success,True
Bang Bang,Jessie J/Ariana Grande/Nicki Minaj,Bang Bang,Success,True
Flashlight,Jessie J,"Flashlight (From ""Pitch Perfect 2"" Soundtrack)",Success,True
Please Don't Go,Joel Adams,Please Don't Go,Success,True
Love Me Again,John Newman,Love Me Again,Success,True
All Time Low,Jon Bellion,The Human Condition,Success,True
Carry Your Throne,Jon Bellion,The Definition,Success,True
By Your Side,Jonas Blue,By Your Side,Success,True
Fast Car,Jonas Blue,Fast Car,Success,True
Perfect Strangers,Jonas Blue,Perfect Strangers,Success,True
New Friends,Jordana Bryant,New Friends,Success,True
As Long As You Love Me,Justin Bieber,Believe (Deluxe Edition),Success,True
Baby,Justin Bieber,My World 2.0,Success,True
Beauty And A Beat,Justin Bieber,Believe (Deluxe Edition),Success,True
Boyfriend,Justin Bieber,Believe (Deluxe Edition),Success,True
Company,Justin Bieber,Purpose (Deluxe),Success,True
Favorite Girl,Justin Bieber,My World (France Version),Success,True
Friends,Justin Bieber,Friends,Success,True
Ghost,Justin Bieber,Justice,Success,True
Love Me,Justin Bieber,My Worlds (International Version),Success,True
Love Yourself,Justin Bieber,Purpose (Deluxe),Success,True
Mood,Justin Bieber,Mood (Remix),Success,True
Never Say Never,Justin Bieber,Never Say Never - The Remixes,Success,True
Peaches,Justin Bieber,Justice,Success,True
Somebody To Love,Justin Bieber,My Worlds (International Version),Success,True
Sorry,Justin Bieber,Purpose,Success,True
The Feeling,Justin Bieber,Purpose (Deluxe),Success,True
Say Something (feat. Chris Stapleton),Justin Timberlake,Man of the Woods,Success,True
Your Eye,Kaivon,Your Eye,Success,True
Broken Bones,Kaleo,A/B,Success,True
Way down We Go,KALEO,Way down We Go,Success,True
Moonlight,Kali Uchis,Moonlight,Success,True
I Think I'm In Love,Kat Dahlia,My Garden,Success,True
Running Up That Hill (A Deal With God),Kate Bush,Hounds Of Love,Success,True
Bon Appétit,Katy Perry,Witness (Deluxe),Success,True
California Gurls,Katy Perry,Teenage Dream: The Complete Confection,Success,True
Chained To The Rhythm,Katy Perry,Witness (Deluxe),Success,True
Dark Horse,Katy Perry,PRISM (Deluxe),Success,True
Firework,Katy Perry,Teenage Dream: The Complete Confection,Success,True
Harleys In Hawaii,Katy Perry,Harleys In Hawaii,Success,True
Never Really Over,Katy Perry,Never Really Over,Success,True
Rise,Katy Perry,Rise,Success,True
Somewhere Only We Know,Keane,Hopes And Fears,Success,True
Gangsta,Kehlani,Suicide Squad: The Album,Success,True
Nights Like This (feat. Ty Dolla $ign),Kehlani,Nights Like This (feat. Ty Dolla $ign),Success,True
All The Stars,Kendrick Lamar,All The Stars,Success,True
Strangers,Kenya Grace,Strangers,Success,True
Cut Me Loose,Kerri Watt,Neptune's Daughter,Success,True
Take It Off,Kesha,Animal (Expanded Edition),Success,True
TiK ToK,Kesha,Animal (Expanded Edition),Success,True
Saturday Nights,Khalid,Suncity,Success,True
Light Up,Koven,Butterfly Effect (Deluxe),Success,True
Never Have I Felt This,Koven,Never Have I Felt This,Success,True
Alibi (Far Out Remix),Krewella,Alibi & Runaway (Remixes),Success,True
Alibi,Krewella,Alibi,Success,True
Alive,Krewella,Get Wet,Success,True
Broken Record,Krewella,Broken Record,Success,True
Human,Krewella,Get Wet,Success,True
Live for the Night,Krewella,Get Wet,Success,True
Team,Krewella,New World Pt. 1,Success,True
Bombay Dreams (feat. Kavita Seth),KSHMR,Bombay Dreams (feat. Kavita Seth),Success,True
Close Your Eyes,KSHMR,Close Your Eyes,Success,True
First Time,Kygo,Stargazing - EP,Success,True
It Ain't Me,Kygo,Stargazing - EP,Success,True
Stranger Things (feat. OneRepublic),Kygo,Kids in Love,Success,True
Always Remember Us This Way,Lady Gaga,A Star Is Born Soundtrack,Success,True
Bloody Mary,Lady Gaga,Born This Way (International Special Edition Version),Success,True
Die With A Smile,Lady Gaga,Die With A Smile,Success,True
Perfect Illusion,Lady Gaga,Joanne (Deluxe),Success,True
Dark Paradise,Lana Del Rey,Born To Die (Deluxe Version),Success,True
Diet Mountain Dew,Lana Del Rey,Born To Die (Deluxe Version),Success,True
Summertime Sadness,Lana Del Rey,Born To Die (Deluxe Version),Success,True
Start It Over (feat. KC),Last Heroes/Man Cub/KC,Start It Over (feat. KC),Success,True
Lonely Eyes,Lauv,~how i'm feeling~,Success,True
Who,Lauv,~NIGHT VIBES~,Success,True
Warriors,League of Legends,Warriors,Success,True
Blue Skies,Lenka,The Bright Side,Success,True
Kissing Other People,Lennon Stella,Three. Two. One.,Success,True
Faded Love,Leony,Faded Love,Success,True
People,Libianca,People,Success,True
INDUSTRY BABY,Lil Nas X,INDUSTRY BABY,Success,True
MONTERO (Call Me By Your Name),Lil Nas X,MONTERO,Success,True
Old Town Road,Lil Nas X,7 EP,Success,True
THATS WHAT I WANT,Lil Nas X,MONTERO,Success,True
CASTLE OF GLASS,Linkin Park,LIVING THINGS,Success,True
One More Light,Linkin Park,One More Light,Success,True
What I've Done,Linkin Park,Minutes to Midnight,Success,True
Black Magic,Little Mix,Get Weird (Expanded Edition),Success,True
No More Sad Songs (feat. Machine Gun Kelly),Little Mix,Glory Days (Expanded Edition),Success,True
No More Sad Songs,Little Mix,Glory Days (Expanded Edition),Success,True
Secret Love Song (feat. Jason Derulo),Little Mix,Get Weird (Expanded Edition),Success,True
1-800-273-8255,Logic,Everybody,Success,True
Flexicution,Logic,Flexicution,Success,True
Missing,London Grammar,Californian Soil,Success,True
The Night We Met,Lord Huron,Strange Trails,Success,True
Green Light,Lorde,Melodrama,Success,True
Royals,Lorde,Pure Heroine,Success,True
Back to You (feat. Bebe Rexha & Digital Farm Animals),Louis Tomlinson,Back to You (feat. Bebe Rexha & Digital Farm Animals),Success,True
"Audio (feat. Sia, Diplo & Labrinth)",LSD,"Audio (feat. Sia, Diplo & Labrinth)",Success,True
"Thunderclouds (feat. Sia, Diplo & Labrinth)",LSD,"Thunderclouds (feat. Sia, Diplo & Labrinth)",Success,True
Despacito,Luis Fonsi,Despacito,Success,True
7 Years,Lukas Graham,Lukas Graham (Blue Album),Success,True
Paper Planes,M.I.A.,Paper Planes,Success,True
Popular,M.I.A.,Popular,Success,True
Time Traveller,M.I.A.,MATA,Success,True
Midnight City,M83,"Hurry up, We're Dreaming",Success,True
Bad Things,Machine Gun Kelly,bloom (Deluxe),Success,True
Can't Hold Us (feat. Ray Dalton),Macklemore & Ryan Lewis,The Heist,Success,True
Cold Water (feat. Justin Bieber & MØ),Major Lazer,Cold Water (feat. Justin Bieber & MØ),Success,True
Lean On (feat. MØ & DJ Snake),Major Lazer,Peace Is the Mission,Success,True
Light It Up,Major Lazer,Peace Is The Mission,Success,True
Animals,Maroon 5,Animals,Success,True
Beautiful Mistakes,Maroon 5,JORDI (Deluxe),Success,True
Cold,Maroon 5,Red Pill Blues,Success,True
Don't Wanna Know,Maroon 5,Red Pill Blues (Deluxe),Success,True
Girls Like You,Maroon 5,Red Pill Blues,Success,True
Maps,Maroon 5,V,Success,True
Memories,Maroon 5,JORDI (Deluxe),Success,True
One More Night,Maroon 5,Overexposed (Deluxe),Success,True
Payphone,Maroon 5,Overexposed,Success,True
This Summer,Maroon 5,V,Success,True
Wait,Maroon 5,Red Pill Blues (Deluxe),Success,True
Alone,Marshmello,Alone,Success,True
Be Kind (Stripped),Marshmello,Be Kind (Stripped),Success,True
Be Kind,Marshmello,Be Kind,Success,True
Find Me,Marshmello,Joytime,Success,True
Animals,Martin Garrix,Animals,Success,True
Carry You,Martin Garrix,Carry You,Success,True
High On Life (feat. Bonn),Martin Garrix,High On Life (feat. Bonn),Success,True
In the Name of Love,Martin Garrix,In the Name of Love,Success,True
Lions in the Wild,Martin Garrix,Lions in the Wild,Success,True
No Sleep (feat. Bonn),Martin Garrix,No Sleep (feat. Bonn),Success,True
Scared to Be Lonely,Martin Garrix,Scared to Be Lonely,Success,True
Won’t Let You Go,Martin Garrix,Won’t Let You Go,Success,True
Bad boy,Marwa Loud,Bad boy,Success,True
Family Affair,Mary J. Blige,Reflections - A Retrospective,Success,True
Girl at Coachella (feat. DRAM),Matoma,Girl At Coachella (feat. DRAM),Success,True
Better (feat. Yo Gotti),Meghan Trainor,Thank You (Deluxe Version),Success,True
I Took A Pill In Ibiza,Mike Posner,"At Night, Alone.",Success,True
We Can't Stop,Miley Cyrus,Bangerz (Deluxe Version),Success,True
Get Ur Freak On,Missy Elliott,Miss E... So Addictive,Success,True
Cheri Cheri Lady,Modern Talking,Original 80's,Success,True
Pocketful of Sunshine,Natasha Bedingfield,Strip Me Away,Success,True
Time of Our Lives,Ne-Yo,Globalization,Success,True
Some Say,Nea,Some Say,Success,True
Gone,Nelly,5.0 Deluxe,Success,True
Close,Nick Jonas,Last Year Was Complicated,Success,True
High School,Nicki Minaj,Pink Friday: Roman Reloaded The Re-Up (Explicit Version),Success,True
Starships,Nicki Minaj,Pink Friday: Roman Reloaded The Re-Up (Explicit Version),Success,True
Super Bass,Nicki Minaj,Pink Friday (Complete Edition),Success,True
Bye Bye Bye,*NSYNC,No Strings Attached,Success,True
It's Gonna Be Me,*NSYNC,No Strings Attached,Success,True
Best Song Ever,One Direction,Midnight Memories (Deluxe),Success,True
Drag Me Down,One Direction,Made In The A.M. (Deluxe Edition),Success,True
Live While We're Young,One Direction,Take Me Home,Success,True
Perfect (Stripped),One Direction,Perfect - EP,Success,True
Perfect,One Direction,Made In The A.M. (Deluxe Edition),Success,True
Steal My Girl,One Direction,FOUR (Deluxe),Success,True
Story of My Life,One Direction,Midnight Memories (Deluxe),Success,True
What Makes You Beautiful,One Direction,Up All Night,Success,True
Counting Stars,OneRepublic,Native,Success,True
If I Lose Myself,OneRepublic,Native,Success,True
If I Lose Myself,OneRepublic,Native,Success,True
Kids,OneRepublic,Oh My My (Deluxe),Success,True
Wherever I Go,OneRepublic,Oh My My (Deluxe),Success,True
Fireflies,Owl City,Ocean Eyes,Success,True
"Just Like Fire (From the Original Motion Picture ""Alice Through The Looking Glass"")",P!nk,"Just Like Fire (From the Original Motion Picture ""Alice Through The Looking Glass"")",Success,True
Let Her Go,Passenger,Let Her Go,Success,True
Happy,Pharrell Williams,G I R L,Success,True
"Gone, Gone, Gone",Phillip Phillips,The World From The Side Of The Moon,Success,True
Do It Again,Pia Mia,Do It Again,Success,True
We Should Be Together,Pia Mia,We Should Be Together,Success,True
Hey Ma (feat. Camila Cabello) (Spanish Version),Pitbull,Hey Ma (feat. Camila Cabello),Success,True
Rain Over Me (feat. Marc Anthony),Pitbull,Planet Pit,Success,True
Timber,Pitbull,Global Warming: Meltdown,Success,True
We Are One (Ole Ola) [The Official 2014 FIFA World Cup Song] (feat. Jennifer Lopez & Claudia Leitte),Pitbull,Globalization,Success,True
Running Up That Hill,Placebo,A Place For Us To Dream,Success,True
Surrounded By Spies,Placebo,Surrounded By Spies,Success,True
death bed (coffee for your head),Powfu,death bed (coffee for your head),Success,True
Bad Boy (feat. Luana Kiara),Raaban,Bad Boy (feat. Luana Kiara),Success,True
Broken Glass,Rachel Platten,Waves,Success,True
Fight Song,Rachel Platten,Fight Song,Success,True
Stand By You,Rachel Platten,Stand By You,Success,True
Ghost Towns,Radical Face,The Family Tree: The Roots,Success,True
Human,Rag'n'Bone Man,Human (Deluxe),Success,True
Bring Back the Summer (feat. OLY),Rain Man,Bring Back the Summer (feat. OLY),Success,True
Mute,Raja Kumari,The Come Up,Success,True
Goodbye (from the series Arcane League of Legends),Ramsey,Arcane League of Legends (Soundtrack from the Animated Series),Success,True
Escapism.,RAYE,Escapism. / The Thrill Is Gone.,Success,True
Dark Necessities,Red Hot Chili Peppers,The Getaway,Success,True
Goodbye Angels,Red Hot Chili Peppers,The Getaway,Success,True
Snow (Hey Oh),Red Hot Chili Peppers,Snow (Hey Oh),Success,True
"Don't You Need Somebody (feat. Enrique Iglesias, R. City, Serayah & Shaggy)",RedOne,"Don't You Need Somebody (feat. Enrique Iglesias, R. City, Serayah & Shaggy)",Success,True
"Welcome to Morocco (feat. Asma Lmnawar, Rym, Aminux, Nouaman Belaiachi, Zouhair Bahaoui, Dizzy Dross, FIFA Sound) (Official Song of the FIFA Club World Cup 2022)",RedOne,"Welcome to Morocco (feat. Asma Lmnawar, Rym, Aminux, Nouaman Belaiachi, Zouhair Bahaoui, Dizzy Dross, FIFA Sound) (Official Song of the FIFA Club World Cup 2022)",Success,True
Calm Down,Rema,Calm Down,Success,True
Spinning Over You,REYKO,Spinning Over You,Success,True
Diamonds,Rihanna,Diamonds,Success,True
Don't Stop The Music,Rihanna,Good Girl Gone Bad: Reloaded,Success,True
Te Amo,Rihanna,Rated R,Success,True
Umbrella,Rihanna,Good Girl Gone Bad: Reloaded,Success,True
The Box,Roddy Ricch,Please Excuse Me for Being Antisocial,Success,True
"These Days (feat. Jess Glynne, Macklemore & Dan Caplen)",Rudimental,"These Days (feat. Jess Glynne, Macklemore & Dan Caplen)",Success,True
Madness,Ruelle,Madness,Success,True
Faces,RYYZN,Faces,Success,True
Espresso,Sabrina Carpenter,Espresso,Success,True
Dancing With A Stranger,Sam Smith,Dancing With A Stranger,Success,True
Diamonds,Sam Smith,Diamonds,Success,True
I'm Ready,Sam Smith,I'm Ready,Success,True
Writing's On The Wall,Sam Smith,Writing's On The Wall,Success,True
Light,San Holo,Light,Success,True
Dancing With Your Ghost,Sasha Alex Sloan,Dancing With Your Ghost,Success,True
Lie,Sasha Alex Sloan,Lie,Success,True
Crick Neck,Sean Paul,Crick Neck,Success,True
No Lie,Sean Paul,No Lie,Success,True
She Doesn't Mind,Sean Paul,She Doesn't Mind,Success,True
Back To You,Selena Gomez,13 Reasons Why (Season 2),Success,True
Fetish,Selena Gomez,Fetish,Success,True
Hands To Myself,Selena Gomez,Revival,Success,True
Kill Em With Kindness,Selena Gomez,Revival,Success,True
Look At Her Now,Selena Gomez,Rare,Success,True
Lose You To Love Me,Selena Gomez,Rare,Success,True
People You Know,Selena Gomez,Rare,Success,True
Same Old Love,Selena Gomez,Revival (Deluxe),Success,True
Stars Dance,Selena Gomez,Stars Dance,Success,True
The Heart Wants What It Wants,Selena Gomez,The Heart Wants What It Wants,Success,True
Wolves,Selena Gomez,Wolves,Success,True
Did It Again,Shakira,She Wolf (Expanded Edition),Success,True
Waka Waka (This Time for Africa) [The Official 2010 FIFA World Cup (TM) Song] (feat. Freshlyground),Shakira,Listen Up! The Official 2010 FIFA World Cup Album,Success,True
"Whenever, Wherever",Shakira,Laundry Service,Success,True
Mercy,Shawn Mendes,Illuminate,Success,True
Señorita,Shawn Mendes,Señorita,Success,True
Stitches,Shawn Mendes,Handwritten,Success,True
Treat You Better,Shawn Mendes,Illuminate,Success,False
Chandelier,Sia,1000 Forms Of Fear,Success,True
Cheap Thrills (feat. Sean Paul),Sia,This Is Acting (Deluxe Version),Success,True
Cheap Thrills,Sia,This Is Acting (Deluxe Version),Success,True
Elastic Heart,Sia,1000 Forms Of Fear,Success,True
Immortal Queen (feat. Chaka Khan & Debbie Harry),Sia,Immortal Queen (feat. Chaka Khan & Debbie Harry),Success,True
Never Give Up,Sia,Lion (Original Motion Picture Soundtrack),Success,True
The Greatest (feat. Kendrick Lamar),Sia,This Is Acting (Deluxe Version),Success,True
The Greatest,Sia,This Is Acting (Deluxe Version),Success,True
Unstoppable,Sia,This Is Acting (Deluxe Version),Success,True
Last One Standing,Skylar Grey,Last One Standing (From Venom: Let There Be Carnage),Success,True
Sober,"Slushii, Kaivon",Sober,Success,True
Love Is the Name,Sofia Carson,Love Is the Name,Success,False
One Call,SPINALL,One Call,Success,True
Until I Found You,Stephen Sanchez,Until I Found You,Success,True
All About Us,t.A.T.u.,All About Us,Success,True
We Were In Love,Ta-Ku,Songs To Break Up To,Success,True
Break Your Heart,Taio Cruz,The Rokstarr Hits Collection,Success,True
Break Your Heart,Taio Cruz,The Rokstarr Hits Collection,Success,False
she's all i wanna be,Tate McRae,I Used to Think I Could Fly,Success,True
...Ready For It?,Taylor Swift,reputation,Success,True
Anti-Hero (ILLENIUM Remix),Taylor Swift,Anti-Hero (ILLENIUM Remix),Success,True
Anti-Hero,Taylor Swift,Midnights,Success,True
Bad Blood,Taylor Swift,1989 (Deluxe),Success,True
Blank Space,Taylor Swift,1989 (Deluxe),Success,True
cardigan,Taylor Swift,folklore,Success,True
Cornelia Street,Taylor Swift,Lover,Success,True
Cruel Summer,Taylor Swift,Lover,Success,True
Death By A Thousand Cuts,Taylor Swift,Lover,Success,True
Delicate,Taylor Swift,reputation,Success,True
Don't Blame Me (Karaoke Version),Taylor Swift,Taylor Swift Karaoke: reputation,Success,False
Don’t Blame Me,Taylor Swift,reputation,Success,True
End Game,Taylor Swift,reputation,Success,True
exile,Taylor Swift,folklore (deluxe version),Success,True
Fortnight,Taylor Swift,THE TORTURED POETS DEPARTMENT: THE ANTHOLOGY,Success,True
Getaway Car,Taylor Swift,reputation,Success,True
I Knew You Were Trouble.,Taylor Swift,Red (Deluxe Edition),Success,True
Karma,Taylor Swift,Midnights (3am Edition),Success,True
Look What You Made Me Do,Taylor Swift,reputation,Success,True
Lover,Taylor Swift,Lover,Success,True
ME! (feat. Brendon Urie of Panic! At The Disco),Taylor Swift,Lover,Success,True
New Romantics,Taylor Swift,1989 (Deluxe),Success,True
Out Of The Woods,Taylor Swift,1989 (Deluxe),Success,True
Shake It Off,Taylor Swift,1989 (Deluxe),Success,True
Style,Taylor Swift,1989,Success,True
The Man,Taylor Swift,Lover,Success,True
Wildest Dreams,Taylor Swift,1989 (Deluxe),Success,True
willow,Taylor Swift,evermore (deluxe version),Success,True
You Need To Calm Down,Taylor Swift,Lover,Success,True
Tokyo Drift (Fast & Furious),Teriyaki Boyz,Tokyo Drift (Fast & Furious),Success,True
Young Shahrukh,Tesher,Young Shahrukh,Success,True
Kokomo,The Beach Boys,The Very Best Of The Beach Boys: Sounds Of Summer,Success,True
Stand Up,The Cab,Lock Me Up,Success,True
All We Know (feat. Phoebe Ryan),The Chainsmokers,All We Know (feat. Phoebe Ryan),Success,True
Beach House,The Chainsmokers,Sick Boy,Success,True
Closer,The Chainsmokers,Closer,Success,True
Don't Let Me Down (feat. Daya),The Chainsmokers,Don't Let Me Down (feat. Daya),Success,True
Family,The Chainsmokers,World War Joy,Success,True
Paris,The Chainsmokers,Paris,Success,True
Roses (feat. ROZES),The Chainsmokers,Roses (feat. ROZES),Success,True
Setting Fires,The Chainsmokers,Collage EP,Success,True
Somebody,The Chainsmokers,Sick Boy,Success,True
Summertime Friends,The Chainsmokers,Summertime Friends,Success,True
Dreams,The Cranberries,"Everybody Else Is Doing It, So Why Can't We?",Success,True
Linger (Acoustic Version),The Cranberries,Something Else,Success,True
Linger,The Cranberries,"Everybody Else Is Doing It, So Why Can't We? (The Complete Sessions 1991-1993)",Success,True
Zombie,The Cranberries,No Need To Argue (The Complete Sessions 1994-1995),Success,True
Ophelia,The Lumineers,Cleopatra (Deluxe),Success,True
Glory,The Score,Pressure,Success,True
Unstoppable,The Score,ATLAS (Deluxe),Success,True
Hall of Fame (feat. will.i.am),The Script,Hall of Fame,Success,True
Rain,The Script,Freedom Child,Success,True
The Adults Are Talking,The Strokes,The New Abnormal,Success,True
Spirits,The Strumbellas,Hope,Success,True
I Found A Girl,The Vamps,I Found A Girl,Success,True
Wake Up,The Vamps,Wake Up (Deluxe),Success,True
Glad You Came,The Wanted,Battleground (Deluxe Edition),Success,True
Blinding Lights,The Weeknd,Blinding Lights,Success,True
Often (Kygo Remix),The Weeknd,Beauty Behind the Madness,Success,True
Often,The Weeknd,Beauty Behind The Madness,Success,True
One Of The Girls,The Weeknd,The Idol Episode 4 (Music from the HBO Original Series),Success,True
Popular,The Weeknd,Popular,Success,True
Pray For Me,The Weeknd,Pray For Me,Success,True
Starboy,The Weeknd,Starboy,Success,True
Take My Breath (Single Version),The Weeknd,Take My Breath,Success,True
Fly Away,TheFatRat,Fly Away,Success,True
Apologize,Timbaland,Apologize,Success,True
The Way I Are,Timbaland,Shock Value,Success,True
Girls Like (feat. Zara Larsson),Tinie,YOUTH,Success,True
Wonderman (feat. Ellie Goulding),Tinie,Disc-Overy,Success,True
Written in the Stars (feat. Eric Turner),Tinie,Disc-Overy,Success,True
Secrets (Radio Edit),Tiësto,Secrets (Radio Edit),Success,True
Zero Tolerance,Tommee Profitt,Cinematic Songs (Vol. 6),Success,True
Cool Girl,Tove Lo,Lady Wood,Success,True
Lies In The Dark,Tove Lo,Fifty Shades Darker (Original Motion Picture Soundtrack),Success,True
Moments,Tove Lo,Queen Of The Clouds,Success,True
No One Dies From Love,Tove Lo,Dirt Femme (Extended Cut),Success,True
True Disaster,Tove Lo,Lady Wood,Success,True
FE!N (feat. Playboi Carti),Travis Scott,UTOPIA,Success,True
Past Life,Trevor Daniel,Nicotine,Success,True
On My Own,TroyBoi,"V!BEZ, Vol. 4",Success,True
Bloom,Troye Sivan,Bloom,Success,True
BLUE,Troye Sivan,Blue Neighbourhood (Deluxe),Success,True
Strawberries & Cigarettes,Troye Sivan,Strawberries & Cigarettes,Success,True
YOUTH,Troye Sivan,Blue Neighbourhood (Deluxe),Success,True
Stressed Out,Twenty One Pilots,Blurryface,Success,True
Drugs,Uffie,Tokyo Love Hotel,Success,True
Missing Piece,Vance Joy,Missing Piece,Success,True
Be Free,Vidya Vox,Kuthu Fire,Success,True
Boys & Girls,will.i.am,Boys & Girls,Success,True
Scream & Shout,will.i.am,Scream & Shout,Success,True
Into Your Arms (feat. Ava Max),Witt Lowry,Into Your Arms (feat. Ava Max),Success,True
Black and Yellow,Wiz Khalifa,Rolling Papers,Success,True
See You Again (feat. Charlie Puth),Wiz Khalifa,See You Again (feat. Charlie Puth),Success,True
Haunt You (feat. chloe moriondo),X Lovers,Mad World,Success,True
I Still Wait For You,XYLØ,I Still Wait For You,Success,True
Shotgun (feat. Rochelle),Yellow Claw,"House Classics, Vol. 1 (Presented by Spinnin' Records)",Success,True
Ain't My Fault (R3hab Remix),Zara Larsson,Ain't My Fault (R3hab Remix),Success,True
Ain't My Fault,Zara Larsson,So Good,Success,True
Lush Life,Zara Larsson,So Good,Success,True
Never Forget You,Zara Larsson,So Good,Success,True
Uncover,Zara Larsson,1,Success,True
WOW,Zara Larsson,Poster Girl (Summer Edition),Success,True
Dusk Till Dawn (feat. Sia) (Radio Edit),ZAYN,Dusk Till Dawn (feat. Sia) (Radio Edit),Success,True
I Don’t Wanna Live Forever (Fifty Shades Darker),ZAYN,Fifty Shades Darker (Original Motion Picture Soundtrack),Success,True
PILLOWTALK,ZAYN,PILLOWTALK,Success,True
Beautiful Now,ZEDD,True Colors,Success,True
Clarity,Zedd,Clarity,Success,True
I Want You To Know,ZEDD,True Colors,Success,True
Stay,ZEDD,Stay,Success,True
East of Eden,Zella Day,Kicker,Success,True
Mustang Kids,Zella Day,Kicker,Success,True
We Own It (Fast & Furious),2 Chainz,Fast & Furious 6,Success,True
destroyer of worlds,Aaron Hibell,destroyer of worlds,Success,True
Dancin (feat. Luvli) (Krono Remix),Aaron Smith,Dancin (feat. Luvli) (Krono Remix),Success,True
Angeleyes,ABBA,Abba Gold Anniversary Edition,Success,True
Happy Nation,Ace of Base,Happy Nation (U.S. Version) (Remastered),Success,False
Hello,Adele,25,Success,True
Rolling in the Deep,Adele,21,Success,True
Send My Love (To Your New Lover),Adele,25,Success,True
Set Fire to the Rain,Adele,21,Success,True
Skyfall,Adele,Skyfall,Success,True
When We Were Young,Adele,25,Success,True
Dream On,Aerosmith,Aerosmith,Success,True
Bananza (Belly Dancer),Akon,Trouble,Success,True
Darkside,Alan Walker,Darkside,Success,True
Faded (Restrung),Alan Walker,Different World,Success,True
Faded,Alan Walker,Faded,Success,True
Ignite,Alan Walker,Ignite,Success,True
The Spectre,Alan Walker,The Spectre,Success,True
If We Have Each Other,Alec Benjamin,Narrated For You,Success,True
Let Me Down Slowly,Alec Benjamin,Narrated For You,Success,True
Here,Alessia Cara,Know-It-All (Deluxe),Success,True
How Far I'll Go,Alessia Cara,Vaiana (English Version/Original Motion Picture Soundtrack/Deluxe Edition),Success,True
October,Alessia Cara,This Summer,Success,True
Scars To Your Beautiful,Alessia Cara,Know-It-All (Deluxe),Success,True
Seventeen,Alessia Cara,Know-It-All (Deluxe),Success,True
Wild Things,Alessia Cara,Know-It-All (Deluxe),Success,True
Little Do You Know,Alex & Sierra,It's About Us,Success,True
Fairytale,Alexander Rybak,Fairytale,Success,True
SAD GIRLZ LUV MONEY (Remix),amaarae,SAD GIRLZ LUV MONEY (Remix),Success,True
Kids In The Corner,Amber Van Day,Kids In The Corner,Success,True
Hold On,Ananya Birla,Hold On,Success,True
Livin' the Life,Ananya Birla,Livin' the Life,Success,True
Meant to Be,Ananya Birla,Meant to Be,Success,True
Alarm,Anne-Marie,Alarm,Success,True
Do I Wanna Know?,Arctic Monkeys,AM,Success,True
I Wanna Be Yours,Arctic Monkeys,AM,Success,True
BABYDOLL,Ari Abdul,BABYDOLL,Success,True
7 rings,Ariana Grande,"thank u, next",Success,True
Break Free,Ariana Grande,My Everything,Success,True
Dangerous Woman,Ariana Grande,Dangerous Woman,Success,True
Don’t Call Me Angel (Charlie’s Angels),Ariana Grande,Charlie's Angels (Original Motion Picture Soundtrack),Success,True
Everyday,Ariana Grande,Dangerous Woman,Success,True
God is a woman,Ariana Grande,Sweetener,Success,True
Into You,Ariana Grande,Dangerous Woman,Success,True
Let Me Love You,Ariana Grande,Dangerous Woman,Success,True
Love Me Harder,Ariana Grande,My Everything,Success,True
no tears left to cry,Ariana Grande,Sweetener,Success,True
One Last Time,Ariana Grande,My Everything,Success,True
Side To Side,Ariana Grande,Dangerous Woman,Success,True
Stuck with U,Ariana Grande,Stuck with U,Success,True
Thinking Bout You,Ariana Grande,Dangerous Woman,Success,True
Moral of the Story,Ashe,Moral of the Story,Success,True
Lonely Together,Avicii,AVĪCI (01),Success,True
The Nights,Avicii,The Days / Nights (EP),Success,True
Copines,Aya Nakamura,NAKAMURA,Success,True
Bruise,BANTA.,Bruise,Success,True
Pompeii,Bastille,Pompeii,Success,True
Fed Up,Bazanji,Mixed Feelings,Success,True
Take Care,Beach House,Teen Dream,Success,True
BIRDS OF A FEATHER,Billie Eilish,HIT ME HARD AND SOFT,Success,False
Beautiful Feeling,Candy Says,Beautiful Feeling,Success,False
Worth Your While,CLNGR/Greylyn,Find Myself,Success,False
Circadian Rhythm,Drake,100 GIGS,Success,False
I Think They Call This Love,Elliot James Reay,I Think They Call This Love,Success,False
That’s So True,Gracie Abrams,The Secret of Us (Deluxe),Success,False
Die With A Smile,Lady Gaga,Die With A Smile,Success,False
WDWG,Nana Lourdes,WDWG,Success,False
APT.,ROSÉ,rosie,Success,False
Treat You Better,Shawn Mendes,Illuminate,Success,False
Love Is the Name,Sofia Carson,Love Is the Name,Success,False
Break Your Heart,Taio Cruz,The Rokstarr Hits Collection,Success,False
Don't Blame Me (Karaoke Version),Taylor Swift,Taylor Swift Karaoke: reputation,Success,False
