Title,Artist,Album
2021 YEAR END MASHUP - SUSH & YOHAN (BEST 130+ SONGS OF 2021),Sush & Yohan Music,2021 YEAR END MASHUP - SUSH
All We Know 2.0 Sush & Yohan Mashup ‚Ä¢ The Chainsmokers ‚Ä¢ Sunix Thakor ‚Ä¢,Sush & Yohan Music,All We Know 2.0 Sush &
"ANIMAL (Original Motion Picture Soundtrack) | BGM | Harshavardhan R | Ranbir K, Sandeep V, Bhushan K",T-Series,Unknown
"ANIMAL: Satranga (Full Video) Ranbir K,Rashmika|Sandeep|Arijit,Shreyas,Siddharth-Garima|Bhushan K",T-Series,"ANIMAL: Satranga (Full Video) Ranbir K,Rashmika|Sandeep|Arijit,Shreyas,Siddharth-Garima|Bhushan"
"ANIMAL:ARJAN VAILLY(Audio)|Ranbir Kapoor,Rashmika,Anil K,Bobby D|Sandeep V|Bhupinder,Manan|Bhushan K",T-Series,"ANIMAL:ARJAN VAILLY(Audio)|Ranbir Kapoor,Rashmika,Anil K,Bobby D|Sandeep V|Bhupinder,Manan|Bhushan"
Anushqa - Something In Common Mashup (Sush & Yohan),Sush & Yohan Music,Anushqa - Something In Common Mashup
Arcade x Mann Mera (Mashup) Full Version | Gravero,Gravero,Unknown
"Ariana Grande, Miley Cyrus, Lana Del Rey - Don't Call Me Angel (Powerful Version) / Audio",—ï‚ÑìœÉœâ—î‚àÇ.–ºœÅ3,"Ariana Grande, Miley Cyrus, Lana Del"
Bebe Rexha - I Got You (Sush & Yohan Mashup) üíõ,Sush & Yohan Music,Bebe Rexha - I Got You
Chaka Chak x High School ft. @TesherMusic (Sush & Yohan Mashup) üíöüè©,Sush & Yohan Music,Chaka Chak x High School ft.
"Chaleya: Sush & Yohan Megamix - Anirudh, Arijit, SRK, Drake, J. Bieber, DJ Snake +",Sush & Yohan Music,Chaleya: Sush & Yohan Megamix -
Cheap Thrills x Saathiya ‚Ä¢ Hasti Rahe Tu Hasti Rahe ‚Ä¢ @Utteeya ft. UB x Abhivirkx,Utteeya,Cheap Thrills x Saathiya ‚Ä¢ Hasti
Chudi Jo Khankee - Bole Jo Koyal Bago Me - (Reply Version) - Falguni Pathak - Rawmats,Rawmats,Chudi Jo Khankee - Bole Jo
Drake - One dance x Got A Pretty Girl And She Love Me Long Time TIKTOK TRENDING SONG,Lost Teenager,Drake - One dance x Got
Drivers License Bollywood Mashup - Sush & Yohan x Tashif,Sush & Yohan Music,Drivers License Bollywood Mashup - Sush
Falak Tak Chal Sath Mere Remix | DJ Zedi | Gone | Nelly and Kelly | Udit Narayan | Tashan,DJ Zedi,Falak Tak Chal Sath Mere Remix
Hotling Bling X Laal Ghaghra (Ajwavy Desi Mashup Remix),AjWavy,Hotling Bling X Laal Ghaghra (Ajwavy
"Husn x Choo Lo | Anuv Jain, Local Train | Full Version",THE ARYAN MUSIC LABEL,Unknown
I Wanna Love You X Tennu Le [Mashup] | Tashif | Akon | Snoop Dog | Instagram Viral Reel 2022,Tashif Music,I Wanna Love You X Tennu
ILLAHI x NIGHT CHANGES (MEGA MASHUP) | Gravero & Happy Pills,Gravero,ILLAHI x NIGHT CHANGES (MEGA MASHUP)
ILLENIUM x XXXTENTACION - Everybody Changes in their Lost Nightmares (SUSH & YOHAN MASHUP),Sush & Yohan Music,ILLENIUM x XXXTENTACION - Everybody Changes
Industry Baby X Ainvayi Ainvayi (Xirex Mashup) - Lil Nas X & Jack Harlow x Salim & Sunidhi Chauhan,Xirex,Industry Baby X Ainvayi Ainvayi (Xirex
Industry Baby √ó Nagada Sang Dholüî• (Sush & Yohan Mashup),Sush & Yohan Music,Industry Baby √ó Nagada Sang Dholüî•
Infinity X Jab Tak Mashup | Aviral Kapasia,Aviral kapasia,Infinity X Jab Tak Mashup |
Isa Mashup - Tp √ó Sush & Yohan ‚Ä¢ Nostalgic Bollywood Vibeüåª,Sush & Yohan Music,Isa Mashup - Tp √ó Sush
It Ain't Me Mashup (Sush & Yohan x Tashif) ‚Ä¢ KYGO ‚Ä¢ SELENA GOMEZ,Sush & Yohan Music,It Ain't Me Mashup (Sush &
Kolaveri Di x Industry Babyüî•(Sush & Yohan Mashup),Sush & Yohan Music,Kolaveri Di x Industry Babyüî•(Sush &
Kya Mujhe Pyaar Hai (Synthwave Remix) | ROHAN | KK | Indian Synthwave,ROHAN,Kya Mujhe Pyaar Hai (Synthwave Remix)
Kyun x People (Gravero Mashup) | Astha Gill ‚Ä¢ Kaifi Khalil ‚Ä¢ Badshah ‚Ä¢ Libianca,Gravero,Kyun x People (Gravero Mashup) |
Let Her Go x Husn (Gravero Mashup) | Anuv Jain,Gravero,Let Her Go x Husn (Gravero
Let Her Go x Husn - Version 2 (Gravero Mashup) | Anuv Jain,Gravero,Unknown
Let Me Down Slowly x Main Dhoondne Ko Zamaane Mein (Gravero Mashup) | Full Version,Gravero,Unknown
LO/ST Mashup - Sush & Yohan (Diwali Special),Sush & Yohan Music,LO/ST Mashup - Sush & Yohan
Magenta Megamix - Sush & Yohan üî• ‚Ä¢ DJ Snake (Party Mashup 2K22),Sush & Yohan Music,Magenta Megamix - Sush & Yohan
Masakali x Tum Hi Ho (ACV Mashup) | AR Rahman x Arijit Singh | Aashiqui 2,ACV,Masakali x Tum Hi Ho (ACV
Middle of the Night x Bheegi Bheegi (Full Version) Sush & Yohan,Sush & Yohan Music,Middle of the Night x Bheegi
MIDDLE OF THE NIGHT x TERI DEEWANI (Gravero & Beatzhacker Mashup) | Full Version,Gravero,MIDDLE OF THE NIGHT x TERI
Naresh Narayan - Aaja Ve Mahiya (Unforgettable) Lo-Fi Flip ft. Imran Khan,Naresh Narayan,Naresh Narayan - Aaja Ve Mahiya
Nightlight X Jannatein Kahan(Mashup) | Adbhut Chapter 15(MID CALL) | ROHAN | Night Drive Mashup 2023,ROHAN,Nightlight X Jannatein Kahan(Mashup) | Adbhut
Pasoori x Despacito (Sush & Yohan Mashup),Sush & Yohan Music,Pasoori x Despacito (Sush & Yohan
Pasoori X We Don't Talk Anymore | Adbhut Chapter 7 | Ali Sethi X Shae Gill | Breakup Mashup 2022 |,ROHAN,Pasoori X We Don't Talk Anymore
People X Nainowale Ne (Mashup) - Full Version | Neeti Mohan & Libianca | Lo-fi 2307 | Insta Viral,Lo-fi 2307 ,People X Nainowale Ne (Mashup) -
Reply to Husn | Full Reply Version | Anuv Jain | Anshika Sharma,Anshika Sharma,Unknown
Samjho Na X Wishes - Mashup | Aditya Rikhari | Hasan Raheem | DJ Sumit Rajwanshi,DJ Sumit Rajwanshi,Unknown
"Sawaar Loon Lootera Song With Lyrics | Ranveer Singh, Sonakshi Sinha",T-Series,Sawaar Loon Lootera Song With Lyrics
Shaed - Trampoline (Pandorux & Reqmeq Bootleg),Progstylez,Shaed - Trampoline (Pandorux & Reqmeq
She's All I Wanna Be x Ready For It | Mashup of Tate McRae/Taylor Swift,Adamusic,She's All I Wanna Be x
Something Just Like This(Megamix) | ROHAN X @Gravero | Adbhut Chapter 11 | The Chainsmokers,ROHAN,Something Just Like This(Megamix) | ROHAN
Starboy x Insane (Sush & Yohan Mashup) ‚Ä¢ AP DHILLON √ó THE WEEKND,Sush & Yohan Music,Starboy x Insane (Sush & Yohan
Starboy X Insane Desi Mashup Remix (The Weeknd/AP Dhillon/Ajwavy),AjWavy,Starboy X Insane Desi Mashup Remix
Stay Mashup (Sush & Yohan) - The Kid LAROI & Justin Bieber,Sush & Yohan Music,Stay Mashup (Sush & Yohan) -
Stay x Insane x Waalian (DJ Shaan x Gravero Edit),Gravero,Stay x Insane x Waalian (DJ
SugarCrash! Mashupüç≠Sush & Yohan (Hosanna x Tum Tak x Kuch Kuch Hota Hai),Sush & Yohan Music,SugarCrash! Mashupüç≠Sush & Yohan (Hosanna x
Sweet But Psycho Mashup - Sush & Yohan - AVA MAX + JELENA + 1D,Sush & Yohan Music,Sweet But Psycho Mashup - Sush
Teri Khair Mangdi X Bewafa (Synthwave Remix) | ROHAN | @imrankhanworld | Indian Synthwave,ROHAN,Teri Khair Mangdi X Bewafa (Synthwave
The Chainsmokers mashup | MEGAMIX (something just like this/closer/all we know more....),SMMUP,Unknown
The Weeknd & AP Dhillon - Blinding Lights √ó Excuses (Sush & Yohan Mashup),Sush & Yohan Music,The Weeknd & AP Dhillon -
Tigini x No Love (JAZ Scape Mashup) ‚Ä¢ Shubh ‚Ä¢ Kikimoteleba,JAZ Scape,Tigini x No Love (JAZ Scape
Toh Phir Aao X Labon Ko (Synthwave Remix) | Adbhut Chapter 15(END) | ROHAN | Indian Synthwave,ROHAN,Toh Phir Aao X Labon Ko
Tu Aake Dekhle X Brown Munde X Insane | ROHAN | @King  | Chill Mashup 2021 | @RUNUPRECORDS,ROHAN,Tu Aake Dekhle X Brown Munde
Tujhe Bhula Dia X Maula Mere | Synthwave Remix | ROHAN | Mohit Chauhan | Indian Synthwave,ROHAN,Tujhe Bhula Dia X Maula Mere
Winter of Decembers | December Mashup | Romantic Beats @DeejayJsg,Chobber Sidhu,Winter of Decembers | December Mashup
Woh Lamhe X Laare Choote | Adbhut Chapter 15(Extended) | ROHAN | Atif Aslam | Indian Synthwave Remix,ROHAN,Woh Lamhe X Laare Choote |
YAD,"Vanna Rainelle, Erika Lundmoen, –†–æ–º–∞–Ω –í–∞—Ä–Ω–∏–Ω, –°—é–∑–∞–Ω–Ω–∞ –í–∞—Ä–Ω–∏–Ω–∞",YAD
